<?xml version="1.0" encoding="UTF-8"?>
<!DOCTYPE mapper PUBLIC "-//mybatis.org//DTD Mapper 3.0//EN" "http://mybatis.org/dtd/mybatis-3-mapper.dtd" >

<!--这是用于admin页面下用户权限管理的mapper-->
<mapper namespace="com.bysj.qiu.dao.AdminManagerPower">
<!--    得到admin的所有信息-->
    <select id="selthisAdminInfo"  resultType="com.bysj.qiu.pojo.Secret">
        select * from tb_secret_admin
    </select>
<!--    更新admin的信息-->
    <update id="updathisAdminInfo">
        update tb_secret_admin set password=#{password},user=#{user} where id=#{id}
    </update>
<!--    增加admin用户-->
    <insert id="insertAdmin">
        insert into tb_secret_admin(user,password,power,fatheruser) values (#{user},#{password},"ADMIN",#{fatheruser})
    </insert>
<!--    删除admin用户-->
    <delete id="delAdminUser" >
        delete from tb_secret_admin where id=#{id}
    </delete>
<!--    得到普通 用户的权限，用分页查询-->
    <select id="selOtherUser" resultType="com.bysj.qiu.pojo.Secret">
       select * from tb_secret_user LIMIT #{first},#{thiscount}
    </select>
<!--    计算普通用户有多少数量-->
    <select id="selOthercount" resultType="java.lang.Integer">
       select count(*) from tb_secret_user
    </select>
<!--    删除普通用户-->
    <delete id="delOtherUser" >
        delete from tb_secret_user where id=#{id}
    </delete>
<!--    更新普通用户-->
    <update id="upOtherUser" >
        update tb_secret_user set user=#{user},password=#{password} where id=#{id}
    </update>
<!--更新admin用户的头像-->
    <update id="upadminheadimg">
        update tb_secret_admin set headimg = #{headimg} where user = #{user}
    </update>
<!--    查询到admin用户的头像-->
    <select id="seladminheadimg" resultType="com.bysj.qiu.pojo.Secret">
        select * from tb_secret_admin where user = #{user}
    </select>
</mapper>